{
  "parameters": {
    "n_base": 100000,
    "gap_rate": 0.3,
    "n_true": 70042,
    "ratios": [
      0.001,
      0.002,
      0.005,
      0.01,
      0.02,
      0.05,
      0.1,
      0.2
    ],
    "R": 300,
    "seed": 123
  },
  "results": {
    "0.0010": {
      "rank": {
        "median": 101011.45083094214,
        "rel_error": 44.21554328965783,
        "valid_pct": 100.0
      },
      "spacing": {
        "median": 98918.38547855179,
        "rel_error": 41.22724290932839,
        "valid_pct": 100.0
      },
      "max_obs": {
        "median": 100397.54999999999,
        "rel_error": 43.33906798777875,
        "valid_pct": 100.0
      },
      "german_tank": {
        "median": 100396.54999999999,
        "rel_error": 43.33764027297906,
        "valid_pct": 100.0
      },
      "cr": {
        "median": 2519.5,
        "rel_error": 96.40287256217698,
        "valid_pct": 7.000000000000001
      }
    },
    "0.0020": {
      "rank": {
        "median": 100352.60492692198,
        "rel_error": 43.274899241772054,
        "valid_pct": 100.0
      },
      "spacing": {
        "median": 98564.92519353397,
        "rel_error": 40.72260242930523,
        "valid_pct": 100.0
      },
      "max_obs": {
        "median": 100225.82142857143,
        "rel_error": 43.0938885648203,
        "valid_pct": 100.0
      },
      "german_tank": {
        "median": 100224.82142857143,
        "rel_error": 43.09246085002061,
        "valid_pct": 100.0
      },
      "cr": {
        "median": 9939.5,
        "rel_error": 85.8092287484652,
        "valid_pct": 27.0
      }
    },
    "0.0050": {
      "rank": {
        "median": 100044.26117624965,
        "rel_error": 42.83467230554475,
        "valid_pct": 100.0
      },
      "spacing": {
        "median": 99473.82306929404,
        "rel_error": 42.02024937793615,
        "valid_pct": 100.0
      },
      "max_obs": {
        "median": 100056.56142857143,
        "rel_error": 42.85223355782449,
        "valid_pct": 100.0
      },
      "german_tank": {
        "median": 100055.56142857143,
        "rel_error": 42.850805843024794,
        "valid_pct": 100.0
      },
      "cr": {
        "median": 41066.0,
        "rel_error": 41.3694640358642,
        "valid_pct": 82.0
      }
    },
    "0.0100": {
      "rank": {
        "median": 100418.67493309348,
        "rel_error": 43.36922836739882,
        "valid_pct": 100.0
      },
      "spacing": {
        "median": 99978.76633360518,
        "rel_error": 42.741164349397756,
        "valid_pct": 100.0
      },
      "max_obs": {
        "median": 100030.69714285714,
        "rel_error": 42.81530673432675,
        "valid_pct": 100.0
      },
      "german_tank": {
        "median": 100029.69714285714,
        "rel_error": 42.81387901952706,
        "valid_pct": 100.0
      },
      "cr": {
        "median": 61424.125,
        "rel_error": 12.303867679392365,
        "valid_pct": 100.0
      }
    },
    "0.0200": {
      "rank": {
        "median": 100404.01498818988,
        "rel_error": 43.34829814709729,
        "valid_pct": 100.0
      },
      "spacing": {
        "median": 100988.65286222745,
        "rel_error": 44.18299429232096,
        "valid_pct": 100.0
      },
      "max_obs": {
        "median": 100025.39571428571,
        "rel_error": 42.80773780629581,
        "valid_pct": 100.0
      },
      "german_tank": {
        "median": 100024.39571428571,
        "rel_error": 42.80631009149612,
        "valid_pct": 100.0
      },
      "cr": {
        "median": 70099.03571428571,
        "rel_error": 0.08143073339669074,
        "valid_pct": 100.0
      }
    },
    "0.0500": {
      "rank": {
        "median": 100134.27507669778,
        "rel_error": 42.96318648339251,
        "valid_pct": 100.0
      },
      "spacing": {
        "median": 101046.360663863,
        "rel_error": 44.265384574773705,
        "valid_pct": 100.0
      },
      "max_obs": {
        "median": 100012.55054254712,
        "rel_error": 42.78939856450004,
        "valid_pct": 100.0
      },
      "german_tank": {
        "median": 100011.55054254712,
        "rel_error": 42.78797084970035,
        "valid_pct": 100.0
      },
      "cr": {
        "median": 69919.846737013,
        "rel_error": 0.17440002139716926,
        "valid_pct": 100.0
      }
    },
    "0.1000": {
      "rank": {
        "median": 100217.5243644079,
        "rel_error": 43.08204272352003,
        "valid_pct": 100.0
      },
      "spacing": {
        "median": 101046.360663863,
        "rel_error": 44.265384574773705,
        "valid_pct": 100.0
      },
      "max_obs": {
        "median": 100007.27655625356,
        "rel_error": 42.781868816215365,
        "valid_pct": 100.0
      },
      "german_tank": {
        "median": 100006.27655625356,
        "rel_error": 42.780441101415676,
        "valid_pct": 100.0
      },
      "cr": {
        "median": 69999.03566333809,
        "rel_error": 0.06134081931114613,
        "valid_pct": 100.0
      }
    },
    "0.2000": {
      "rank": {
        "median": 100247.21347146278,
        "rel_error": 43.1244303010519,
        "valid_pct": 100.0
      },
      "spacing": {
        "median": 101046.360663863,
        "rel_error": 44.265384574773705,
        "valid_pct": 100.0
      },
      "max_obs": {
        "median": 100004.1385636779,
        "rel_error": 42.77738865777377,
        "valid_pct": 100.0
      },
      "german_tank": {
        "median": 100003.1385636779,
        "rel_error": 42.77596094297407,
        "valid_pct": 100.0
      },
      "cr": {
        "median": 69989.04315263909,
        "rel_error": 0.07560727472218186,
        "valid_pct": 100.0
      }
    }
  }
}