{
  "median_k20_m500": {
    "single": {
      "rank": {
        "median": 99964.45888752479,
        "rel_error": 0.0355411124752136,
        "valid_pct": 100.0
      },
      "spacing": {
        "median": 70000.0,
        "rel_error": 30.0,
        "valid_pct": 100.0
      },
      "max_obs": {
        "median": 100003.49935,
        "rel_error": 0.00349934999999823,
        "valid_pct": 100.0
      },
      "german_tank": {
        "median": 100002.49935,
        "rel_error": 0.0024993499999982306,
        "valid_pct": 100.0
      },
      "cr": {
        "median": 100019.001,
        "rel_error": 0.01900100000000384,
        "valid_pct": 100.0
      }
    },
    "pooled": {
      "rank": {
        "median": 99893.85769956035,
        "rel_error": 0.10614230043964927,
        "valid_pct": 100.0
      },
      "spacing": {
        "median": 69250.0,
        "rel_error": 30.75,
        "valid_pct": 100.0
      },
      "max_obs": {
        "median": 100059.4695,
        "rel_error": 0.05946950000000652,
        "valid_pct": 100.0
      },
      "german_tank": {
        "median": 100058.4695,
        "rel_error": 0.058469500000006516,
        "valid_pct": 100.0
      },
      "cr": {
        "median": 73207.625,
        "rel_error": 26.792375,
        "valid_pct": 100.0
      }
    },
    "pooled_errors": {
      "rank": {
        "median": 0.6945611474947364,
        "valid_pct": 100.0
      },
      "spacing": {
        "median": 30.75,
        "valid_pct": 100.0
      },
      "max_obs": {
        "median": 0.059970499999995805,
        "valid_pct": 100.0
      },
      "german_tank": {
        "median": 0.058970499999995804,
        "valid_pct": 100.0
      },
      "cr": {
        "median": 26.792375,
        "valid_pct": 100.0
      }
    },
    "worst_sub_errors": {
      "rank": {
        "median": 8.184318965975544,
        "valid_pct": 100.0
      },
      "spacing": {
        "median": 40.5,
        "valid_pct": 100.0
      },
      "max_obs": {
        "median": 0.45530799999999727,
        "valid_pct": 100.0
      },
      "german_tank": {
        "median": 0.45630799999999727,
        "valid_pct": 100.0
      },
      "cr": {
        "median": 64.14371428571428,
        "valid_pct": 100.0
      }
    },
    "best_sub_errors": {
      "rank": {
        "median": 0.13306403775007491,
        "valid_pct": 100.0
      },
      "spacing": {
        "median": 20.5,
        "valid_pct": 100.0
      },
      "max_obs": {
        "median": 0.010419999999998254,
        "valid_pct": 100.0
      },
      "german_tank": {
        "median": 0.010521000000000641,
        "valid_pct": 100.0
      },
      "cr": {
        "median": 16.334,
        "valid_pct": 100.0
      }
    },
    "improvement_vs_worst": {
      "rank": {
        "median_diff": 7.489757818480808,
        "median_ratio": 0.08486486785060765
      },
      "spacing": {
        "median_diff": 9.75,
        "median_ratio": 0.7592592592592593
      },
      "max_obs": {
        "median_diff": 0.39533750000000145,
        "median_ratio": 0.13171413636482593
      },
      "german_tank": {
        "median_diff": 0.39733750000000145,
        "median_ratio": 0.12923398231018557
      },
      "cr": {
        "median_diff": 37.35133928571428,
        "median_ratio": 0.41769291501672584
      }
    },
    "parameters": {
      "n_true": 100000,
      "m_base": 500,
      "k": 20,
      "m_single": 10000,
      "R": 200,
      "seed": 123,
      "pooled_aggregator": "median",
      "trim_pct": 0.1
    }
  },
  "trimmedmean_k20_m500": {
    "single": {
      "rank": {
        "median": 99964.45888752479,
        "rel_error": 0.0355411124752136,
        "valid_pct": 100.0
      },
      "spacing": {
        "median": 70000.0,
        "rel_error": 30.0,
        "valid_pct": 100.0
      },
      "max_obs": {
        "median": 100003.49935,
        "rel_error": 0.00349934999999823,
        "valid_pct": 100.0
      },
      "german_tank": {
        "median": 100002.49935,
        "rel_error": 0.0024993499999982306,
        "valid_pct": 100.0
      },
      "cr": {
        "median": 100019.001,
        "rel_error": 0.01900100000000384,
        "valid_pct": 100.0
      }
    },
    "pooled": {
      "rank": {
        "median": 99924.56088179915,
        "rel_error": 0.07543911820085486,
        "valid_pct": 100.0
      },
      "spacing": {
        "median": 69468.75,
        "rel_error": 30.53125,
        "valid_pct": 100.0
      },
      "max_obs": {
        "median": 100032.19631249999,
        "rel_error": 0.03219631249998929,
        "valid_pct": 100.0
      },
      "german_tank": {
        "median": 100031.19631249999,
        "rel_error": 0.031196312499989286,
        "valid_pct": 100.0
      },
      "cr": {
        "median": 78006.17352941178,
        "rel_error": 21.993826470588218,
        "valid_pct": 100.0
      }
    },
    "pooled_errors": {
      "rank": {
        "median": 0.6654163953180614,
        "valid_pct": 100.0
      },
      "spacing": {
        "median": 30.53125,
        "valid_pct": 100.0
      },
      "max_obs": {
        "median": 0.03636087499999849,
        "valid_pct": 100.0
      },
      "german_tank": {
        "median": 0.03536087499999849,
        "valid_pct": 100.0
      },
      "cr": {
        "median": 21.993826470588225,
        "valid_pct": 100.0
      }
    },
    "worst_sub_errors": {
      "rank": {
        "median": 8.184318965975544,
        "valid_pct": 100.0
      },
      "spacing": {
        "median": 40.5,
        "valid_pct": 100.0
      },
      "max_obs": {
        "median": 0.45530799999999727,
        "valid_pct": 100.0
      },
      "german_tank": {
        "median": 0.45630799999999727,
        "valid_pct": 100.0
      },
      "cr": {
        "median": 64.14371428571428,
        "valid_pct": 100.0
      }
    },
    "best_sub_errors": {
      "rank": {
        "median": 0.13306403775007491,
        "valid_pct": 100.0
      },
      "spacing": {
        "median": 20.5,
        "valid_pct": 100.0
      },
      "max_obs": {
        "median": 0.010419999999998254,
        "valid_pct": 100.0
      },
      "german_tank": {
        "median": 0.010521000000000641,
        "valid_pct": 100.0
      },
      "cr": {
        "median": 16.334,
        "valid_pct": 100.0
      }
    },
    "improvement_vs_worst": {
      "rank": {
        "median_diff": 7.518902570657483,
        "median_ratio": 0.08130381991273551
      },
      "spacing": {
        "median_diff": 9.96875,
        "median_ratio": 0.753858024691358
      },
      "max_obs": {
        "median_diff": 0.41894712499999875,
        "median_ratio": 0.07985995194461487
      },
      "german_tank": {
        "median_diff": 0.42094712499999876,
        "median_ratio": 0.07749343645081545
      },
      "cr": {
        "median_diff": 42.14988781512606,
        "median_ratio": 0.3428835812753451
      }
    },
    "parameters": {
      "n_true": 100000,
      "m_base": 500,
      "k": 20,
      "m_single": 10000,
      "R": 200,
      "seed": 123,
      "pooled_aggregator": "trimmed_mean",
      "trim_pct": 0.1
    }
  },
  "trimmedmean_k5_m2000": {
    "single": {
      "rank": {
        "median": 99849.10412364567,
        "rel_error": 0.15089587635433419,
        "valid_pct": 100.0
      },
      "spacing": {
        "median": 70000.0,
        "rel_error": 30.0,
        "valid_pct": 100.0
      },
      "max_obs": {
        "median": 100004.9995,
        "rel_error": 0.004999500000005355,
        "valid_pct": 100.0
      },
      "german_tank": {
        "median": 100003.9995,
        "rel_error": 0.0039995000000053555,
        "valid_pct": 100.0
      },
      "cr": {
        "median": 99570.95199748271,
        "rel_error": 0.42904800251728736,
        "valid_pct": 100.0
      }
    },
    "pooled": {
      "rank": {
        "median": 99945.76394876327,
        "rel_error": 0.05423605123673041,
        "valid_pct": 100.0
      },
      "spacing": {
        "median": 70000.0,