{
  "p0.01_q0.5": {
    "0.0005": {
      "rank": 0.5415444575009751,
      "spacing": 0.6343790587726398,
      "gt": 0.7846900000000023,
      "cr": 98.7005
    },
    "0.001": {
      "rank": 0.36444958389239035,
      "spacing": 0.23763792252817073,
      "gt": 0.4212799999999989,
      "cr": 94.9005
    },
    "0.002": {
      "rank": 0.09304545833633164,
      "spacing": 0.4540421786615188,
      "gt": 50.19022,
      "cr": 79.8005
    },
    "0.005": {
      "rank": 0.021503687767442898,
      "spacing": 0.26730534178295057,
      "gt": 50.082567999999995,
      "cr": 16.334
    },
    "0.01": {
      "rank": 0.06543231263596681,
      "spacing": 0.9886528622274345,
      "gt": 50.049901000000006,
      "cr": 8.91
    },
    "0.02": {
      "rank": 0.15401281406590717,
      "spacing": 0.9886528622274345,
      "gt": 50.024975500000004,
      "cr": 2.3424390243902455
    },
    "0.03": {
      "rank": 0.12041760484357655,
      "spacing": 0.4540421786615188,
      "gt": 50.015989000000005,
      "cr": 2.1096847826086886
    },
    "0.05": {
      "rank": 0.18239964407931256,
      "spacing": 0.9886528622274491,
      "gt": 50.00899600000002,
      "cr": 0.7549642857142899
    },
    "0.07": {
      "rank": 0.1471362656261481,
      "spacing": 0.9886528622274491,
      "gt": 50.00842685714285,
      "cr": 0.9828161616161669
    },
    "0.1": {
      "rank": 0.12426361809547233,
      "spacing": 0.9886528622274491,
      "gt": 50.00499909999999,
      "cr": 0.42904800251728736
    },
    "0.2": {
      "rank": 0.16641776271983688,
      "spacing": 15.415603271117071,
      "gt": 50.00349984999999,
      "cr": 0.4761816917217802
    },
    "0.4": {
      "rank": 0.1680726705337147,
      "spacing": 15.415603271117071,
      "gt": 50.00074995,
      "cr": 0.16447407499843394
    }
  },
  "p0.01_q10.0": {
    "0.0005": {
      "rank": 0.006499576189089567,
      "spacing": 0.49010955468374595,
      "gt": 1.1223099999999977,
      "cr": 98.7005
    },
    "0.001": {
      "rank": 0.15449374061560955,
      "spacing": 0.23763792252817073,
      "gt": 493.32299500000005,
      "cr": 94.9005
    },
    "0.002": {
      "rank": 0.33342136910268166,
      "spacing": 0.1655031704837311,
      "gt": 1001.3975949999999,
      "cr": 79.8005
    },
    "0.005": {
      "rank": 0.23655753828915474,
      "spacing": 0.26730534178295057,
      "gt": 1000.6118319999998,
      "cr": 16.334
    },
    "0.01": {
      "rank": 0.34886379359576675,
      "spacing": 0.9886528622274345,
      "gt": 1000.3722740000001,
      "cr": 8.91
    },
    "0.02": {
      "rank": 0.44878785003334637,
      "spacing": 0.9886528622274345,
      "gt": 1000.19132125,
      "cr": 2.3424390243902455
    },
    "0.03": {
      "rank": 0.4127170071115397,
      "spacing": 0.4540421786615188,
      "gt": 1000.1235859999999,
      "cr": 1.0339560439560447
    },
    "0.05": {
      "rank": 0.5070490903289464,
      "spacing": 0.9886528622274491,
      "gt": 1000.0759714,
      "cr": 0.039004000000000816
    },
    "0.07": {
      "rank": 0.45824354447715454,
      "spacing": 0.9886528622274491,
      "gt": 1000.0681302857142,
      "cr": 0.5811196754563862
    },
    "0.1": {
      "rank": 0.4217999318181974,
      "spacing": 0.9886528622274491,
      "gt": 1000.0429934,
      "cr": 0.01900100000000384
    },
    "0.2": {
      "rank": 0.459210836605751,
      "spacing": 15.415603271117071,
      "gt": 1000.0319989,
      "cr": 0.11585617977527728
    },
    "0.4": {
      "rank": 0.46728992924108753,
      "spacing": 15.415603271117071,
      "gt": 1000.015499725,
      "cr": 0.0022498593837954107
    }
  },
  "p0.01_q100.0": {
    "0.0005": {
      "rank": 0.0493732057416346,
      "spacing": 0.49010955468374595,
      "gt": 1.1299600000000065,
      "cr": 98.7005
    },
    "0.001": {
      "rank": 0.09978110086341621,
      "spacing": 0.23763792252817073,
      "gt": 5347.792045,
      "cr": 94.9005
    },
    "0.002": {
      "rank": 0.34095532846220883,
      "spacing": 0.021233666394837203,
      "gt": 10012.840645,
      "cr": 79.8005
    },
    "0.005": {
      "rank": 0.2513521023309731,
      "spacing": 0.9886528622274345,
      "gt": 10005.625912000001,
      "cr": 16.334
    },
    "0.01": {
      "rank": 0.39194158477088786,
      "spacing": 0.9886528622274345,
      "gt": 10003.426334000002,
      "cr": 8.91
    },
    "0.02": {
      "rank": 0.49516665370549895,
      "spacing": 0.9886528622274345,
      "gt": 10001.76485875,
      "cr": 2.3424390243902455
    },
    "0.03": {
      "rank": 0.4511955359763379,
      "spacing": 0.4540421786615188,
      "gt": 10001.142926000002,
      "cr": 1.0339560439560447
    },
    "0.05": {
      "rank": 0.5429955920825595,
      "spacing": 0.9886528622274491,
      "gt": 10000.705737400001,
      "cr": 0.039004000000000816
    },
    "0.07": {
      "rank": 0.5020444687447744,
      "spacing": 0.9886528622274491,
      "gt": 10000.633741714286,
      "cr": 0.37904674796748444
    },
    "0.1": {
      "rank": 0.4631954862839047,
      "spacing": 0.9886528622274491,
      "gt": 10000.4029394,
      "cr": 0.01900100000000384
    },
    "0.2": {
      "rank": 0.4898179582558805,
      "spacing": 15.415603271117071,
      "gt": 10000.301989900001,
      "cr": 0.0659510367224575
    },
    "0.4": {
      "rank": 0.5046289675700828,
      "spacing": 15.415603271117071,
      "gt": 10000.150497475,
      "cr": 0.016502250281278975
    }
  },
  "p0.05_q0.5": {
    "0.0005": {
      "rank": 0.4101830357142898,
      "spacing": 0.49010955468374595,
      "gt": 50.945739999999994,
      "cr": 98.7005
    },
    "0.001": {
      "rank": 0.4243541469557531,
      "spacing": 0.1951705897385109,
      "gt": 50.38497000000001,
      "cr": 94.9005
    },
    "0.002": {
      "rank": 0.7273178541666712,
      "spacing": 0.411574845871859,
      "gt": 50.19022,
      "cr": 79.8005
    },
    "0.005": {
      "rank": 0.7705556498833467,
      "spacing": 0.9886528622274345,
      "gt": 50.082567999999995,
      "cr": 37.25075
    },
    "0.01": {
      "rank": 0.7205112603329908,
      "spacing": 0.9886528622274345,
      "gt": 50.049901000000006,
      "cr": 8.91
    },
    "0.02": {
      "rank": 0.8098180190000568,
      "spacing": 0.9886528622274345,
      "gt": 50.024975500000004,
      "cr": 4.667642857142855
    },
    "0.03": {
      "rank": 0.824759562944033,
      "spacing": 0.4540421786615188,
      "gt": 50.015989000000005,
      "cr": 4.1924787234042595
    },
    "0.05": {
      "rank": 0.8809972461544966,
      "spacing": 0.9886528622274491,
      "gt": 50.00899600000002,
      "cr": 3.063011627906977
    },
    "0.07": {
      "rank": 0.8629540549074446,
      "spacing": 0.9886528622274491,
      "gt": 50.00842685714285,
      "cr": 3.1353853754940646
    },
    "0.1": {
      "rank": 0.8360277352387202,
      "spacing": 0.9886528622274491,
      "gt": 50.00499909999999,
      "cr": 2.5156189083820646
    },
    "0.2": {
      "rank": 0.8555727302174783,
      "spacing": 15.415603271117071,
      "gt": 50.00349984999999,
      "cr": 2.071991187270498
    },
    "0.4": {
      "rank": 0.8658375384039392,
      "spacing": 15.415603271117071,
      "gt": 50.00074995,
      "cr": 0.8726660449585033
    }
  },
  "p0.05_q10.0": {
    "0.0005": {
      "rank": 1.9213955729841838,
      "spacing": 1.16898974233857,
      "gt": 1006.9417599999999,
      "cr": 98.7005
    },
    "0.001": {
      "rank": 2.230379935431789,
      "spacing": 1.5657308785830246,
      "gt": 1002.827595,
      "cr": 94.9005
    },
    "0.002": {
      "rank": 2.4115676443927514,
      "spacing": 1.854269886760827,
      "gt": 1001.3975949999999,
      "cr": 79.8005
    },
    "0.005": {
      "rank": 2.3773906112555414,
      "spacing": 2.4313479031164027,
      "gt": 1000.6118319999998,
      "cr": 16.334
    },
    "0.01": {
      "rank": 2.2870356069224944,
      "spacing": 2.4313479031164027,
      "gt": 1000.3722740000001,
      "cr": 8.91
    },